RShoulderPitch,RShoulderRoll,RElbowYaw,RElbowRoll,RWristYaw,RHand,RAnkleRoll,RAnklePitch,RKneePitch,RHipPitch,RHipRoll,RHipYawPitch,LShoulderPitch,LShoulderRoll,LElbowYaw,LElbowRoll,LWristYaw,LHand,LAnkleRoll,LAnklePitch,LKneePitch,LHipPitch,LHipRoll,LHipYawPitch,HeadPitch,HeadYaw,Label
1.44375550747,-0.224076032639,1.20209014416,0.416784524918,0.0999999791384,0.300000011921,0.129999995232,0.0900000035763,-0.0900000035763,0.129999995232,-0.10000000149,-0.170000001788,-0.417139947414,0.18541879952,-1.19370245934,-0.410387575626,0.0999999791384,0.300000011921,-0.129999995232,0.0900000035763,-0.0900000035763,0.129999995232,0.10000000149,-0.170000001788,-0.170000001788,0.0,left arm up
1.44375550747,-0.224076032639,1.20209014416,0.416784524918,0.0999999791384,0.300000011921,0.129999995232,0.0900000035763,-0.0900000035763,0.129999995232,-0.10000000149,-0.170000001788,-0.417162418365,0.18541879952,-1.19370245934,-0.410387575626,0.0999999791384,0.300000011921,-0.129999995232,0.0900000035763,-0.0900000035763,0.129999995232,0.10000000149,-0.170000001788,-0.170000001788,0.0,left arm up
1.44375550747,-0.224076032639,1.20209014416,0.416784524918,0.0999999791384,0.300000011921,0.129999995232,0.0900000035763,-0.0900000035763,0.129999995232,-0.10000000149,-0.170000001788,-0.417709678411,0.18541879952,-1.19370245934,-0.410387575626,0.0999999791384,0.300000011921,-0.129999995232,0.0900000035763,-0.0900000035763,0.129999995232,0.10000000149,-0.170000001788,-0.170000001788,0.0,left arm up
1.44375550747,-0.224076032639,1.20209014416,0.416784524918,0.0999999791384,0.300000011921,0.129999995232,0.0900000035763,-0.0900000035763,0.129999995232,-0.10000000149,-0.170000001788,-0.419391900301,0.18541879952,-1.19370245934,-0.410387575626,0.0999999791384,0.300000011921,-0.129999995232,0.0900000035763,-0.0900000035763,0.129999995232,0.10000000149,-0.170000001788,-0.170000001788,0.0,left arm up
1.44375550747,-0.224076032639,1.20209014416,0.416784524918,0.0999999791384,0.300000011921,0.129999995232,0.0900000035763,-0.0900000035763,0.129999995232,-0.10000000149,-0.170000001788,-0.422461569309,0.18541879952,-1.19370245934,-0.410387575626,0.0999999791384,0.300000011921,-0.129999995232,0.0900000035763,-0.0900000035763,0.129999995232,0.10000000149,-0.170000001788,-0.170000001788,0.0,left arm up
1.44375550747,-0.224076032639,1.20209014416,0.416784524918,0.0999999791384,0.300000011921,0.129999995232,0.0900000035763,-0.0900000035763,0.129999995232,-0.10000000149,-0.170000001788,-0.425323158503,0.18541879952,-1.19370245934,-0.410387575626,0.0999999791384,0.300000011921,-0.129999995232,0.0900000035763,-0.0900000035763,0.129999995232,0.10000000149,-0.170000001788,-0.170000001788,0.0,left arm up
1.44375550747,-0.224076032639,1.20209014416,0.416784524918,0.0999999791384,0.300000011921,0.129999995232,0.0900000035763,-0.0900000035763,0.129999995232,-0.10000000149,-0.170000001788,-0.430849403143,0.18541879952,-1.19370245934,-0.410387575626,0.0999999791384,0.300000011921,-0.129999995232,0.0900000035763,-0.0900000035763,0.129999995232,0.10000000149,-0.170000001788,-0.170000001788,0.0,left arm up
1.44375550747,-0.224076032639,1.20209014416,0.416784524918,0.0999999791384,0.300000011921,0.129999995232,0.0900000035763,-0.0900000035763,0.129999995232,-0.10000000149,-0.170000001788,-0.437838762999,0.18541879952,-1.19370245934,-0.410387575626,0.0999999791384,0.300000011921,-0.129999995232,0.0900000035763,-0.0900000035763,0.129999995232,0.10000000149,-0.170000001788,-0.170000001788,0.0,left arm up
1.44375550747,-0.224076032639,1.20209014416,0.416784524918,0.0999999791384,0.300000011921,0.129999995232,0.0900000035763,-0.0900000035763,0.129999995232,-0.10000000149,-0.170000001788,-0.446255326271,0.18541879952,-1.19370245934,-0.410387575626,0.0999999791384,0.300000011921,-0.129999995232,0.0900000035763,-0.0900000035763,0.129999995232,0.10000000149,-0.170000001788,-0.170000001788,0.0,left arm up
1.44375550747,-0.224076032639,1.20209014416,0.416784524918,0.0999999791384,0.300000011921,0.129999995232,0.0900000035763,-0.0900000035763,0.129999995232,-0.10000000149,-0.170000001788,-0.456054955721,0.18541879952,-1.19370245934,-0.410387575626,0.0999999791384,0.300000011921,-0.129999995232,0.0900000035763,-0.0900000035763,0.129999995232,0.10000000149,-0.170000001788,-0.170000001788,0.0,left arm up
1.44375550747,-0.224076032639,1.20209014416,0.416784524918,0.0999999791384,0.300000011921,0.129999995232,0.0900000035763,-0.0900000035763,0.129999995232,-0.10000000149,-0.170000001788,-0.463332861662,0.18541879952,-1.19370245934,-0.410387575626,0.0999999791384,0.300000011921,-0.129999995232,0.0900000035763,-0.0900000035763,0.129999995232,0.10000000149,-0.170000001788,-0.170000001788,0.0,left arm up
1.44375550747,-0.224076032639,1.20209014416,0.416784524918,0.0999999791384,0.300000011921,0.129999995232,0.0900000035763,-0.0900000035763,0.129999995232,-0.10000000149,-0.170000001788,-0.47533044219,0.18541879952,-1.19370245934,-0.410387575626,0.0999999791384,0.300000011921,-0.129999995232,0.0900000035763,-0.0900000035763,0.129999995232,0.10000000149,-0.170000001788,-0.170000001788,0.0,left arm up
1.44375550747,-0.224076032639,1.20209014416,0.416784524918,0.0999999791384,0.300000011921,0.129999995232,0.0900000035763,-0.0900000035763,0.129999995232,-0.10000000149,-0.170000001788,-0.488580465317,0.18541879952,-1.19370245934,-0.410387575626,0.0999999791384,0.300000011921,-0.129999995232,0.0900000035763,-0.0900000035763,0.129999995232,0.10000000149,-0.170000001788,-0.170000001788,0.0,left arm up
1.44375550747,-0.224076032639,1.20209014416,0.416784524918,0.0999999791384,0.300000011921,0.129999995232,0.0900000035763,-0.0900000035763,0.129999995232,-0.10000000149,-0.170000001788,-0.503032505512,0.18541879952,-1.19370245934,-0.410387575626,0.0999999791384,0.300000011921,-0.129999995232,0.0900000035763,-0.0900000035763,0.129999995232,0.10000000149,-0.170000001788,-0.170000001788,0.0,left arm up
1.44375550747,-0.224076032639,1.20209014416,0.416784524918,0.0999999791384,0.300000011921,0.129999995232,0.0900000035763,-0.0900000035763,0.129999995232,-0.10000000149,-0.170000001788,-0.513310074806,0.18541879952,-1.19370245934,-0.410387575626,0.0999999791384,0.300000011921,-0.129999995232,0.0900000035763,-0.0900000035763,0.129999995232,0.10000000149,-0.170000001788,-0.170000001788,0.0,left arm up
1.44375550747,-0.224076032639,1.20209014416,0.416784524918,0.0999999791384,0.300000011921,0.129999995232,0.0900000035763,-0.0900000035763,0.129999995232,-0.10000000149,-0.170000001788,-0.529653251171,0.18541879952,-1.19370245934,-0.410387575626,0.0999999791384,0.300000011921,-0.129999995232,0.0900000035763,-0.0900000035763,0.129999995232,0.10000000149,-0.170000001788,-0.170000001788,0.0,left arm up
1.44375550747,-0.224076032639,1.20209014416,0.416784524918,0.0999999791384,0.300000011921,0.129999995232,0.0900000035763,-0.0900000035763,0.129999995232,-0.10000000149,-0.170000001788,-0.547063469887,0.18541879952,-1.19370245934,-0.410387575626,0.0999999791384,0.300000011921,-0.129999995232,0.0900000035763,-0.0900000035763,0.129999995232,0.10000000149,-0.170000001788,-0.170000001788,0.0,left arm up
1.44375550747,-0.224076032639,1.20209014416,0.416784524918,0.0999999791384,0.300000011921,0.129999995232,0.0900000035763,-0.0900000035763,0.129999995232,-0.10000000149,-0.170000001788,-0.565490186214,0.18541879952,-1.19370245934,-0.410387575626,0.0999999791384,0.300000011921,-0.129999995232,0.0900000035763,-0.0900000035763,0.129999995232,0.10000000149,-0.170000001788,-0.170000001788,0.0,left arm up
1.44375550747,-0.224076032639,1.20209014416,0.416784524918,0.0999999791384,0.300000011921,0.129999995232,0.0900000035763,-0.0900000035763,0.129999995232,-0.10000000149,-0.170000001788,-0.584882616997,0.18541879952,-1.19370245934,-0.410387575626,0.0999999791384,0.300000011921,-0.129999995232,0.0900000035763,-0.0900000035763,0.129999995232,0.10000000149,-0.170000001788,-0.170000001788,0.0,left arm up
1.44375550747,-0.224076032639,1.20209014416,0.416784524918,0.0999999791384,0.300000011921,0.129999995232,0.0900000035763,-0.0900000035763,0.129999995232,-0.10000000149,-0.170000001788,-0.598322451115,0.18541879952,-1.19370245934,-0.410387575626,0.0999999791384,0.300000011921,-0.129999995232,0.0900000035763,-0.0900000035763,0.129999995232,0.10000000149,-0.170000001788,-0.170000001788,0.0,left arm up
1.44375550747,-0.224076032639,1.20209014416,0.416784524918,0.0999999791384,0.300000011921,0.129999995232,0.0900000035763,-0.0900000035763,0.129999995232,-0.10000000149,-0.170000001788,-0.61921197176,0.18541879952,-1.19370245934,-0.410387575626,0.0999999791384,0.300000011921,-0.129999995232,0.0900000035763,-0.0900000035763,0.129999995232,0.10000000149,-0.170000001788,-0.170000001788,0.0,left arm up
1.44375550747,-0.224076032639,1.20209014416,0.416784524918,0.0999999791384,0.300000011921,0.129999995232,0.0900000035763,-0.0900000035763,0.129999995232,-0.10000000149,-0.170000001788,-0.64093208313,0.18541879952,-1.19370245934,-0.410387575626,0.0999999791384,0.300000011921,-0.129999995232,0.0900000035763,-0.0900000035763,0.129999995232,0.10000000149,-0.170000001788,-0.170000001788,0.0,left arm up
1.44375550747,-0.224076032639,1.20209014416,0.416784524918,0.0999999791384,0.300000011921,0.129999995232,0.0900000035763,-0.0900000035763,0.129999995232,-0.10000000149,-0.170000001788,-0.663432121277,0.18541879952,-1.19370245934,-0.410387575626,0.0999999791384,0.300000011921,-0.129999995232,0.0900000035763,-0.0900000035763,0.129999995232,0.10000000149,-0.170000001788,-0.170000001788,0.0,left arm up
1.44375550747,-0.224076032639,1.20209014416,0.416784524918,0.0999999791384,0.300000011921,0.129999995232,0.0900000035763,-0.0900000035763,0.129999995232,-0.10000000149,-0.170000001788,-0.686661422253,0.18541879952,-1.19370245934,-0.410387575626,0.0999999791384,0.300000011921,-0.129999995232,0.0900000035763,-0.0900000035763,0.129999995232,0.10000000149,-0.170000001788,-0.170000001788,0.0,left arm up
1.44375550747,-0.224076032639,1.20209014416,0.416784524918,0.0999999791384,0.300000011921,0.129999995232,0.0900000035763,-0.0900000035763,0.129999995232,-0.10000000149,-0.170000001788,-0.702527761459,0.18541879952,-1.19370245934,-0.410387575626,0.0999999791384,0.300000011921,-0.129999995232,0.0900000035763,-0.0900000035763,0.129999995232,0.10000000149,-0.170000001788,-0.170000001788,0.0,left arm up
1.44375550747,-0.224076032639,1.20209014416,0.416784524918,0.0999999791384,0.300000011921,0.129999995232,0.0900000035763,-0.0900000035763,0.129999995232,-0.10000000149,-0.170000001788,-0.726859927177,0.18541879952,-1.19370245934,-0.410387575626,0.0999999791384,0.300000011921,-0.129999995232,0.0900000035763,-0.0900000035763,0.129999995232,0.10000000149,-0.170000001788,-0.170000001788,0.0,left arm up
1.44375550747,-0.224076032639,1.20209014416,0.416784524918,0.0999999791384,0.300000011921,0.129999995232,0.0900000035763,-0.0900000035763,0.129999995232,-0.10000000149,-0.170000001788,-0.75178617239,0.18541879952,-1.19370245934,-0.410387575626,0.0999999791384,0.300000011921,-0.129999995232,0.0900000035763,-0.0900000035763,0.129999995232,0.10000000149,-0.170000001788,-0.170000001788,0.0,left arm up
1.44375550747,-0.224076032639,1.20209014416,0.416784524918,0.0999999791384,0.300000011921,0.129999995232,0.0900000035763,-0.0900000035763,0.129999995232,-0.10000000149,-0.170000001788,-0.777255833149,0.18541879952,-1.19370245934,-0.410387575626,0.0999999791384,0.300000011921,-0.129999995232,0.0900000035763,-0.0900000035763,0.129999995232,0.10000000149,-0.170000001788,-0.170000001788,0.0,left arm up
1.44375550747,-0.224076032639,1.20209014416,0.416784524918,0.0999999791384,0.300000011921,0.129999995232,0.0900000035763,-0.0900000035763,0.129999995232,-0.10000000149,-0.170000001788,-0.7945125103,0.18541879952,-1.19370245934,-0.410387575626,0.0999999791384,0.300000011921,-0.129999995232,0.0900000035763,-0.0900000035763,0.129999995232,0.10000000149,-0.170000001788,-0.170000001788,0.0,left arm up
1.44375550747,-0.224076032639,1.20209014416,0.416784524918,0.0999999791384,0.300000011921,0.129999995232,0.0900000035763,-0.0900000035763,0.129999995232,-0.10000000149,-0.170000001788,-0.820775330067,0.18541879952,-1.19370245934,-0.410387575626,0.0999999791384,0.300000011921,-0.129999995232,0.0900000035763,-0.0900000035763,0.129999995232,0.10000000149,-0.170000001788,-0.170000001788,0.0,left arm up
1.44375550747,-0.224076032639,1.20209014416,0.416784524918,0.0999999791384,0.300000011921,0.129999995232,0.0900000035763,-0.0900000035763,0.129999995232,-0.10000000149,-0.170000001788,-0.847446382046,0.18541879952,-1.19370245934,-0.410387575626,0.0999999791384,0.300000011921,-0.129999995232,0.0900000035763,-0.0900000035763,0.129999995232,0.10000000149,-0.170000001788,-0.170000001788,0.0,left arm up
1.44375550747,-0.224076032639,1.20209014416,0.416784524918,0.0999999791384,0.300000011921,0.129999995232,0.0900000035763,-0.0900000035763,0.129999995232,-0.10000000149,-0.170000001788,-0.874475002289,0.18541879952,-1.19370245934,-0.410387575626,0.0999999791384,0.300000011921,-0.129999995232,0.0900000035763,-0.0900000035763,0.129999995232,0.10000000149,-0.170000001788,-0.170000001788,0.0,left arm up
1.44375550747,-0.224076032639,1.20209014416,0.416784524918,0.0999999791384,0.300000011921,0.129999995232,0.0900000035763,-0.0900000035763,0.129999995232,-0.10000000149,-0.170000001788,-0.89204710722,0.185571655631,-1.1932746172,-0.410406947136,0.0999999791384,0.300000011921,-0.129999995232,0.0900000035763,-0.0900000035763,0.129999995232,0.10000000149,-0.170000001788,-0.170000001788,0.0,left arm up
1.44375550747,-0.224076032639,1.20209014416,0.416784524918,0.0999999791384,0.300000011921,0.129999995232,0.0900000035763,-0.0900000035763,0.129999995232,-0.10000000149,-0.170000001788,-0.918218493462,0.186125829816,-1.19246304035,-0.410421311855,0.0999999791384,0.300000011921,-0.129999995232,0.0900000035763,-0.0900000035763,0.129999995232,0.10000000149,-0.170000001788,-0.170000001788,0.0,left arm up
1.44375550747,-0.224076032639,1.20209014416,0.416784524918,0.0999999791384,0.300000011921,0.129999995232,0.0900000035763,-0.0900000035763,0.129999995232,-0.10000000149,-0.170000001788,-0.945076465607,0.186771959066,-1.19206631184,-0.410394519567,0.0999999791384,0.300000011921,-0.129999995232,0.0900000035763,-0.0900000035763,0.129999995232,0.10000000149,-0.170000001788,-0.170000001788,0.0,left arm up
1.44375550747,-0.224076032639,1.20209014416,0.416784524918,0.0999999791384,0.300000011921,0.129999995232,0.0900000035763,-0.0900000035763,0.129999995232,-0.10000000149,-0.170000001788,-0.963221430779,0.187232479453,-1.19192278385,-0.410364091396,0.0999999791384,0.300000011921,-0.129999995232,0.0900000035763,-0.0900000035763,0.129999995232,0.10000000149,-0.170000001788,-0.170000001788,0.0,left arm up
1.44375550747,-0.224076032639,1.20209014416,0.416784524918,0.0999999791384,0.300000011921,0.129999995232,0.0900000035763,-0.0900000035763,0.129999995232,-0.10000000149,-0.170000001788,-0.990673363209,0.187948957086,-1.19180476665,-0.410308837891,0.0999999791384,0.300000011921,-0.129999995232,0.0900000035763,-0.0900000035763,0.129999995232,0.10000000149,-0.170000001788,-0.170000001788,0.0,left arm up
1.44375550747,-0.224076032639,1.20209014416,0.416784524918,0.0999999791384,0.300000011921,0.129999995232,0.0900000035763,-0.0900000035763,0.129999995232,-0.10000000149,-0.170000001788,-1.01830899715,0.188682213426,-1.19175124168,-0.410248458385,0.0999999791384,0.300000011921,-0.129999995232,0.0900000035763,-0.0900000035763,0.129999995232,0.10000000149,-0.170000001788,-0.170000001788,0.0,left arm up
1.44375550747,-0.224076032639,1.20209014416,0.416784524918,0.0999999791384,0.300000011921,0.129999995232,0.0900000035763,-0.0900000035763,0.129999995232,-0.10000000149,-0.170000001788,-1.03679430485,0.189175099134,-1.19173550606,-0.410207599401,0.0999999791384,0.300000011921,-0.129999995232,0.0900000035763,-0.0900000035763,0.129999995232,0.10000000149,-0.170000001788,-0.170000001788,0.0,left arm up
1.44375550747,-0.224076032639,1.20209014416,0.416784524918,0.0999999791384,0.300000011921,0.129999995232,0.0900000035763,-0.0900000035763,0.129999995232,-0.10000000149,-0.170000001788,-1.06456613541,0.189914986491,-1.19172954559,-0.410147249699,0.0999999791384,0.300000011921,-0.129999995232,0.0900000035763,-0.0900000035763,0.129999995232,0.10000000149,-0.170000001788,-0.170000001788,0.0,left arm up
1.44375550747,-0.224076032639,1.20209014416,0.416784524918,0.0999999791384,0.300000011921,0.129999995232,0.0900000035763,-0.0900000035763,0.129999995232,-0.10000000149,-0.170000001788,-1.09233939648,0.190650388598,-1.19173717499,-0.410089433193,0.0999999791384,0.300000011921,-0.129999995232,0.0900000035763,-0.0900000035763,0.129999995232,0.10000000149,-0.170000001788,-0.170000001788,0.0,left arm up
1.44375550747,-0.224076032639,1.20209014416,0.416784524918,0.0999999791384,0.300000011921,0.129999995232,0.0900000035763,-0.0900000035763,0.129999995232,-0.10000000149,-0.170000001788,-1.12006044388,0.191376507282,-1.19175386429,-0.410035043955,0.0999999791384,0.300000011921,-0.129999995232,0.0900000035763,-0.0900000035763,0.129999995232,0.10000000149,-0.170000001788,-0.170000001788,0.0,left arm up
1.44375550747,-0.224076032639,1.20209014416,0.416784524918,0.0999999791384,0.300000011921,0.129999995232,0.0900000035763,-0.0900000035763,0.129999995232,-0.10000000149,-0.170000001788,-1.13848638535,0.191853299737,-1.19176888466,-0.409984588623,0.0999999791384,0.300000011921,-0.129999995232,0.0900000035763,-0.0900000035763,0.129999995232,0.10000000149,-0.170000001788,-0.170000001788,0.0,left arm up
1.44375550747,-0.224076032639,1.20209014416,0.416784524918,0.0999999791384,0.300000011921,0.129999995232,0.0900000035763,-0.0900000035763,0.129999995232,-0.10000000149,-0.170000001788,-1.17513895035,0.19278408587,-1.19180643559,-0.409938395023,0.0999999791384,0.300000011921,-0.129999995232,0.0900000035763,-0.0900000035763,0.129999995232,0.10000000149,-0.170000001788,-0.170000001788,0.0,left arm up
1.44375550747,-0.224076032639,1.20209014416,0.416784524918,0.0999999791384,0.300000011921,0.129999995232,0.0900000035763,-0.0900000035763,0.129999995232,-0.10000000149,-0.170000001788,-1.19333529472,0.193235874176,-1.19182872772,-0.409910053015,0.0999999791384,0.300000011921,-0.129999995232,0.0900000035763,-0.0900000035763,0.129999995232,0.10000000149,-0.170000001788,-0.170000001788,0.0,left arm up
1.44375550747,-0.224076032639,1.20209014416,0.416784524918,0.0999999791384,0.300000011921,0.129999995232,0.0900000035763,-0.0900000035763,0.129999995232,-0.10000000149,-0.170000001788,-1.22042477131,0.193893641233,-1.19186604023,-0.409871280193,0.0999999791384,0.300000011921,-0.129999995232,0.0900000035763,-0.0900000035763,0.129999995232,0.10000000149,-0.170000001788,-0.170000001788,0.0,left arm up
1.44375550747,-0.224076032639,1.20209014416,0.416784524918,0.0999999791384,0.300000011921,0.129999995232,0.0900000035763,-0.0900000035763,0.129999995232,-0.10000000149,-0.170000001788,-1.24722218513,0.194524556398,-1.19190788269,-0.40983697772,0.0999999791384,0.300000011921,-0.129999995232,0.0900000035763,-0.0900000035763,0.129999995232,0.10000000149,-0.170000001788,-0.170000001788,0.0,left arm up
1.44375550747,-0.224076032639,1.20209014416,0.416784524918,0.0999999791384,0.300000011921,0.129999995232,0.0900000035763,-0.0900000035763,0.129999995232,-0.10000000149,-0.170000001788,-1.27367579937,0.195125609636,-1.19195401669,-0.409807085991,0.0999999791384,0.300000011921,-0.129999995232,0.0900000035763,-0.0900000035763,0.129999995232,0.10000000149,-0.170000001788,-0.170000001788,0.0,left arm up
1.44375550747,-0.224076032639,1.20209014416,0.416784524918,0.0999999791384,0.300000011921,0.129999995232,0.0900000035763,-0.0900000035763,0.129999995232,-0.10000000149,-0.170000001788,-1.29109466076,0.195508390665,-1.19198691845,-0.409789532423,0.0999999791384,0.300000011921,-0.129999995232,0.0900000035763,-0.0900000035763,0.129999995232,0.10000000149,-0.170000001788,-0.170000001788,0.0,left arm up
1.44375550747,-0.224076032639,1.20209014416,0.416784524918,0.0999999791384,0.300000011921,0.129999995232,0.0900000035763,-0.0900000035763,0.129999995232,-0.10000000149,-0.170000001788,-1.31685841084,0.196053922176,-1.19203972816,-0.409766614437,0.0999999791384,0.300000011921,-0.129999995232,0.0900000035763,-0.0900000035763,0.129999995232,0.10000000149,-0.170000001788,-0.170000001788,0.0,left arm up
1.44375550747,-0.224076032639,1.20209014416,0.416784524918,0.0999999791384,0.300000011921,0.129999995232,0.0900000035763,-0.0900000035763,0.129999995232,-0.10000000149,-0.170000001788,-1.34213769436,0.196563303471,-1.19209623337,-0.409747570753,0.0999999791384,0.300000011921,-0.129999995232,0.0900000035763,-0.0900000035763,0.129999995232,0.10000000149,-0.170000001788,-0.170000001788,0.0,left arm up
1.44375550747,-0.224076032639,1.20209014416,0.416784524918,0.0999999791384,0.300000011921,0.129999995232,0.0900000035763,-0.0900000035763,0.129999995232,-0.10000000149,-0.170000001788,-1.36687934399,0.197034925222,-1.19215643406,-0.40973213315,0.0999999791384,0.300000011921,-0.129999995232,0.0900000035763,-0.0900000035763,0.129999995232,0.10000000149,-0.170000001788,-0.170000001788,0.0,left arm up
1.44375550747,-0.224076032639,1.20209014416,0.416784524918,0.0999999791384,0.300000011921,0.129999995232,0.0900000035763,-0.0900000035763,0.129999995232,-0.10000000149,-0.170000001788,-1.38304841518,0.197327822447,-1.19219851494,-0.409723669291,0.0999999791384,0.300000011921,-0.129999995232,0.0900000035763,-0.0900000035763,0.129999995232,0.10000000149,-0.170000001788,-0.170000001788,0.0,left arm up
1.44375550747,-0.224076032639,1.20209014416,0.416784524918,0.0999999791384,0.300000011921,0.129999995232,0.0900000035763,-0.0900000035763,0.129999995232,-0.10000000149,-0.170000001788,-1.40677452087,0.197734341025,-1.19226443768,-0.409713447094,0.0999999791384,0.300000011921,-0.129999995232,0.0900000035763,-0.0900000035763,0.129999995232,0.10000000149,-0.170000001788,-0.170000001788,0.0,left arm up
1.44375550747,-0.224076032639,1.20209014416,0.416784524918,0.0999999791384,0.300000011921,0.129999995232,0.0900000035763,-0.0900000035763,0.129999995232,-0.10000000149,-0.170000001788,-1.42981946468,0.19810128212,-1.19233381748,-0.409705847502,0.0999999791384,0.300000011921,-0.129999995232,0.0900000035763,-0.0900000035763,0.129999995232,0.10000000149,-0.170000001788,-0.170000001788,0.0,left arm up
1.44375550747,-0.224076032639,1.20209014416,0.416784524918,0.0999999791384,0.300000011921,0.129999995232,0.0900000035763,-0.0900000035763,0.129999995232,-0.10000000149,-0.170000001788,-1.44477760792,0.198324009776,-1.19238185883,-0.409702003002,0.0999999791384,0.300000011921,-0.129999995232,0.0900000035763,-0.0900000035763,0.129999995232,0.10000000149,-0.170000001788,-0.170000001788,0.0,left arm up
1.44375550747,-0.224076032639,1.20209014416,0.416784524918,0.0999999791384,0.300000011921,0.129999995232,0.0900000035763,-0.0900000035763,0.129999995232,-0.10000000149,-0.170000001788,-1.46656727791,0.198625713587,-1.19245636463,-0.409697711468,0.0999999791384,0.300000011921,-0.129999995232,0.0900000035763,-0.0900000035763,0.129999995232,0.10000000149,-0.170000001788,-0.170000001788,0.0,left arm up
1.44375550747,-0.224076032639,1.20209014416,0.416784524918,0.0999999791384,0.300000011921,0.129999995232,0.0900000035763,-0.0900000035763,0.129999995232,-0.10000000149,-0.170000001788,-1.48753166199,0.198889479041,-1.19253408909,-0.409694820642,0.0999999791384,0.300000011921,-0.129999995232,0.0900000035763,-0.0900000035763,0.129999995232,0.10000000149,-0.170000001788,-0.170000001788,0.0,left arm up
1.44375550747,-0.224076032639,1.20209014416,0.416784524918,0.0999999791384,0.300000011921,0.129999995232,0.0900000035763,-0.0900000035763,0.129999995232,-0.10000000149,-0.170000001788,-1.50761687756,0.199116826057,-1.19261491299,-0.409692853689,0.0999999791384,0.300000011921,-0.129999995232,0.0900000035763,-0.0900000035763,0.129999995232,0.10000000149,-0.170000001788,-0.170000001788,0.0,left arm up
1.44375550747,-0.224076032639,1.20209014416,0.416784524918,0.0999999791384,0.300000011921,0.129999995232,0.0900000035763,-0.0900000035763,0.129999995232,-0.10000000149,-0.170000001788,-1.52676904202,0.199309587479,-1.19269895554,-0.409691333771,0.0999999791384,0.300000011921,-0.129999995232,0.0900000035763,-0.0900000035763,0.129999995232,0.10000000149,-0.170000001788,-0.170000001788,0.0,left arm up
1.44375550747,-0.224076032639,1.20209014416,0.416784524918,0.0999999791384,0.300000011921,0.129999995232,0.0900000035763,-0.0900000035763,0.129999995232,-0.10000000149,-0.170000001788,-1.53899252415,0.19941996038,-1.19275653362,-0.409690320492,0.0999999791384,0.300000011921,-0.129999995232,0.0900000035763,-0.0900000035763,0.129999995232,0.10000000149,-0.170000001788,-0.170000001788,0.0,left arm up
1.44375550747,-0.224076032639,1.20209014416,0.416784524918,0.0999999791384,0.300000011921,0.129999995232,0.0900000035763,-0.0900000035763,0.129999995232,-0.10000000149,-0.170000001788,-1.55647075176,0.199560165405,-1.19284558296,-0.409688532352,0.0999999791384,0.300000011921,-0.129999995232,0.0900000035763,-0.0900000035763,0.129999995232,0.10000000149,-0.170000001788,-0.170000001788,0.0,left arm up
1.44375550747,-0.224076032639,1.20209014416,0.416784524918,0.0999999791384,0.300000011921,0.129999995232,0.0900000035763,-0.0900000035763,0.129999995232,-0.10000000149,-0.170000001788,-1.57287347317,0.19967238605,-1.19293785095,-0.40968593955,0.0999999791384,0.300000011921,-0.129999995232,0.0900000035763,-0.0900000035763,0.129999995232,0.10000000149,-0.170000001788,-0.170000001788,0.0,left arm up
1.44375550747,-0.224076032639,1.20209014416,0.416784524918,0.0999999791384,0.300000011921,0.129999995232,0.0900000035763,-0.0900000035763,0.129999995232,-0.10000000149,-0.170000001788,-1.58814775944,0.199759498239,-1.19303333759,-0.409682184458,0.0999999791384,0.300000011921,-0.129999995232,0.0900000035763,-0.0900000035763,0.129999995232,0.10000000149,-0.170000001788,-0.170000001788,0.0,left arm up
1.44375550747,-0.224076032639,1.20209014416,0.416784524918,0.0999999791384,0.300000011921,0.129999995232,0.0900000035763,-0.0900000035763,0.129999995232,-0.10000000149,-0.170000001788,-1.59767758846,0.199805110693,-1.19309878349,-0.409678846598,0.0999999791384,0.300000011921,-0.129999995232,0.0900000035763,-0.0900000035763,0.129999995232,0.10000000149,-0.170000001788,-0.170000001788,0.0,left arm up
1.44375550747,-0.224076032639,1.20209014416,0.416784524918,0.0999999791384,0.300000011921,0.129999995232,0.0900000035763,-0.0900000035763,0.129999995232,-0.10000000149,-0.170000001788,-1.61095380783,0.199857130647,-1.19319963455,-0.409672319889,0.0999999791384,0.300000011921,-0.129999995232,0.0900000035763,-0.0900000035763,0.129999995232,0.10000000149,-0.170000001788,-0.170000001788,0.0,left arm up
1.44375550747,-0.224076032639,1.20209014416,0.416784524918,0.0999999791384,0.300000011921,0.129999995232,0.0900000035763,-0.0900000035763,0.129999995232,-0.10000000149,-0.170000001788,-1.62296152115,0.199892222881,-1.19330406189,-0.409663677216,0.0999999791384,0.300000011921,-0.129999995232,0.0900000035763,-0.0900000035763,0.129999995232,0.10000000149,-0.170000001788,-0.170000001788,0.0,left arm up
1.44375550747,-0.224076032639,1.20209014416,0.416784524918,0.0999999791384,0.300000011921,0.129999995232,0.0900000035763,-0.0900000035763,0.129999995232,-0.10000000149,-0.170000001788,-1.63023626804,0.199907749891,-1.19337546825,-0.409656614065,0.0999999791384,0.300000011921,-0.129999995232,0.0900000035763,-0.0900000035763,0.129999995232,0.10000000149,-0.170000001788,-0.170000001788,0.0,left arm up
1.44375550747,-0.224076032639,1.20209014416,0.416784524918,0.0999999791384,0.300000011921,0.129999995232,0.0900000035763,-0.0900000035763,0.129999995232,-0.10000000149,-0.170000001788,-1.64001393318,0.199921399355,-1.19348561764,-0.409643828869,0.0999999791384,0.300000011921,-0.129999995232,0.0900000035763,-0.0900000035763,0.129999995232,0.10000000149,-0.170000001788,-0.170000001788,0.0,left arm up
1.44375550747,-0.224076032639,1.20209014416,0.416784524918,0.0999999791384,0.300000011921,0.129999995232,0.0900000035763,-0.0900000035763,0.129999995232,-0.10000000149,-0.170000001788,-1.64838457108,0.19992607832,-1.1935993433,-0.409628272057,0.0999999791384,0.300000011921,-0.129999995232,0.0900000035763,-0.0900000035763,0.129999995232,0.10000000149,-0.170000001788,-0.170000001788,0.0,left arm up
1.44375550747,-0.224076032639,1.20209014416,0.416784524918,0.0999999791384,0.300000011921,0.129999995232,0.0900000035763,-0.0900000035763,0.129999995232,-0.10000000149,-0.170000001788,-1.6552965641,0.199924424291,-1.19371676445,-0.409609735012,0.0999999791384,0.300000011921,-0.129999995232,0.0900000035763,-0.0900000035763,0.129999995232,0.10000000149,-0.170000001788,-0.170000001788,0.0,left arm up
1.44375550747,-0.224076032639,1.20209014416,0.416784524918,0.0999999791384,0.300000011921,0.129999995232,0.0900000035763,-0.0900000035763,0.129999995232,-0.10000000149,-0.170000001788,-1.65906882286,0.199921026826,-1.19379711151,-0.409595668316,0.0999999791384,0.300000011921,-0.129999995232,0.0900000035763,-0.0900000035763,0.129999995232,0.10000000149,-0.170000001788,-0.170000001788,0.0,left arm up
1.44375550747,-0.224076032639,1.20209014416,0.416784524918,0.0999999791384,0.300000011921,0.129999995232,0.0900000035763,-0.0900000035763,0.129999995232,-0.10000000149,-0.170000001788,-1.66343569756,0.199914053082,-1.19392096996,-0.409571886063,0.0999999791384,0.300000011921,-0.129999995232,0.0900000035763,-0.0900000035763,0.129999995232,0.10000000149,-0.170000001788,-0.170000001788,0.0,left arm up
1.44375550747,-0.224076032639,1.20209014416,0.416784524918,0.0999999791384,0.300000011921,0.129999995232,0.0900000035763,-0.0900000035763,0.129999995232,-0.10000000149,-0.170000001788,-1.66620695591,0.199906468391,-1.1940485239,-0.409544885159,0.0999999791384,0.300000011921,-0.129999995232,0.0900000035763,-0.0900000035763,0.129999995232,0.10000000149,-0.170000001788,-0.170000001788,0.0,left arm up
1.44375550747,-0.224076032639,1.20209014416,0.416784524918,0.0999999791384,0.300000011921,0.129999995232,0.0900000035763,-0.0900000035763,0.129999995232,-0.10000000149,-0.170000001788,-1.66759824753,0.199899941683,-1.1941665411,-0.409518182278,0.0999999791384,0.300000011921,-0.129999995232,0.0900000035763,-0.0900000035763,0.129999995232,0.10000000149,-0.170000001788,-0.170000001788,0.0,left arm up
1.44375550747,-0.224076032639,1.20209014416,0.416784524918,0.0999999791384,0.300000011921,0.129999995232,0.0900000035763,-0.0900000035763,0.129999995232,-0.10000000149,-0.170000001788,-1.66809427738,0.199896708131,-1.194226861,-0.409504204988,0.0999999791384,0.300000011921,-0.129999995232,0.0900000035763,-0.0900000035763,0.129999995232,0.10000000149,-0.170000001788,-0.170000001788,0.0,left arm up
1.44375550747,-0.224076032639,1.20209014416,0.416784524918,0.0999999791384,0.300000011921,0.129999995232,0.0900000035763,-0.0900000035763,0.129999995232,-0.10000000149,-0.170000001788,-1.66850268841,0.199893370271,-1.1942896843,-0.409489452839,0.0999999791384,0.300000011921,-0.129999995232,0.0900000035763,-0.0900000035763,0.129999995232,0.10000000149,-0.170000001788,-0.170000001788,0.0,left arm up
1.44375550747,-0.224076032639,1.20209014416,0.416784524918,0.0999999791384,0.300000011921,0.129999995232,0.0900000035763,-0.0900000035763,0.129999995232,-0.10000000149,-0.170000001788,-1.66869902611,0.199891373515,-1.19432747364,-0.409480512142,0.0999999791384,0.300000011921,-0.129999995232,0.0900000035763,-0.0900000035763,0.129999995232,0.10000000149,-0.170000001788,-0.170000001788,0.0,left arm up
1.44375550747,-0.224076032639,1.20209014416,0.416784524918,0.0999999791384,0.300000011921,0.129999995232,0.0900000035763,-0.0900000035763,0.129999995232,-0.10000000149,-0.170000001788,-1.66879343987,0.199890241027,-1.19434893131,-0.40947535634,0.0999999791384,0.300000011921,-0.129999995232,0.0900000035763,-0.0900000035763,0.129999995232,0.10000000149,-0.170000001788,-0.170000001788,0.0,left arm up
1.44375550747,-0.224076032639,1.20209014416,0.416784524918,0.0999999791384,0.300000011921,0.129999995232,0.0900000035763,-0.0900000035763,0.129999995232,-0.10000000149,-0.170000001788,-1.66882741451,0.199889793992,-1.19435763359,-0.40947252512,0.0999999791384,0.300000011921,-0.129999995232,0.0900000035763,-0.0900000035763,0.129999995232,0.10000000149,-0.170000001788,-0.170000001788,0.0,left arm up
1.44375550747,-0.224076032639,1.20209014416,0.416784524918,0.0999999791384,0.300000011921,0.129999995232,0.0900000035763,-0.0900000035763,0.129999995232,-0.10000000149,-0.170000001788,-1.6688554287,0.199889391661,-1.19436562061,-0.409471392632,0.0999999791384,0.300000011921,-0.129999995232,0.0900000035763,-0.0900000035763,0.129999995232,0.10000000149,-0.170000001788,-0.170000001788,0.0,left arm up
1.44375550747,-0.224076032639,1.20209014416,0.416784524918,0.0999999791384,0.300000011921,0.129999995232,0.0900000035763,-0.0900000035763,0.129999995232,-0.10000000149,-0.170000001788,-1.66886901855,0.199889168143,-1.19436979294,-0.409470379353,0.0999999791384,0.300000011921,-0.129999995232,0.0900000035763,-0.0900000035763,0.129999995232,0.10000000149,-0.170000001788,-0.170000001788,0.0,left arm up
1.44375550747,-0.224076032639,1.20209014416,0.416784524918,0.0999999791384,0.300000011921,0.129999995232,0.0900000035763,-0.0900000035763,0.129999995232,-0.10000000149,-0.170000001788,-1.66887557507,0.199889048934,-1.19437205791,-0.409469842911,0.0999999791384,0.300000011921,-0.129999995232,0.0900000035763,-0.0900000035763,0.129999995232,0.10000000149,-0.170000001788,-0.170000001788,0.0,left arm up
1.44375550747,-0.224076032639,1.20209014416,0.416784524918,0.0999999791384,0.300000011921,0.129999995232,0.0900000035763,-0.0900000035763,0.129999995232,-0.10000000149,-0.170000001788,-1.66887879372,0.199888989329,-1.19437325001,-0.40946957469,0.0999999791384,0.300000011921,-0.129999995232,0.0900000035763,-0.0900000035763,0.129999995232,0.10000000149,-0.170000001788,-0.170000001788,0.0,left arm up
1.44375550747,-0.224076032639,1.20209014416,0.416784524918,0.0999999791384,0.300000011921,0.129999995232,0.0900000035763,-0.0900000035763,0.129999995232,-0.10000000149,-0.170000001788,-1.6688798666,0.199888959527,-1.19437372684,-0.409469455481,0.0999999791384,0.300000011921,-0.129999995232,0.0900000035763,-0.0900000035763,0.129999995232,0.10000000149,-0.170000001788,-0.170000001788,0.0,left arm up
1.44375550747,-0.224076032639,1.20209014416,0.416784524918,0.0999999791384,0.300000011921,0.129999995232,0.0900000035763,-0.0900000035763,0.129999995232,-0.10000000149,-0.170000001788,-1.66888093948,0.199888959527,-1.19437408447,-0.409469366074,0.0999999791384,0.300000011921,-0.129999995232,0.0900000035763,-0.0900000035763,0.129999995232,0.10000000149,-0.170000001788,-0.170000001788,0.0,left arm up
1.44375550747,-0.224076032639,1.20209014416,0.416784524918,0.0999999791384,0.300000011921,0.129999995232,0.0900000035763,-0.0900000035763,0.129999995232,-0.10000000149,-0.170000001788,-1.66888141632,0.199888959527,-1.19437420368,-0.409469336271,0.0999999791384,0.300000011921,-0.129999995232,0.0900000035763,-0.0900000035763,0.129999995232,0.10000000149,-0.170000001788,-0.170000001788,0.0,left arm up
1.44375550747,-0.224076032639,1.20209014416,0.416784524918,0.0999999791384,0.300000011921,0.129999995232,0.0900000035763,-0.0900000035763,0.129999995232,-0.10000000149,-0.170000001788,-1.66888165474,0.199888959527,-1.19437420368,-0.409469336271,0.0999999791384,0.300000011921,-0.129999995232,0.0900000035763,-0.0900000035763,0.129999995232,0.10000000149,-0.170000001788,-0.170000001788,0.0,left arm up
1.44375550747,-0.224076032639,1.20209014416,0.416784524918,0.0999999791384,0.300000011921,0.129999995232,0.0900000035763,-0.0900000035763,0.129999995232,-0.10000000149,-0.170000001788,-1.66888165474,0.199888959527,-1.19437420368,-0.409469336271,0.0999999791384,0.300000011921,-0.129999995232,0.0900000035763,-0.0900000035763,0.129999995232,0.10000000149,-0.170000001788,-0.170000001788,0.0,left arm up
1.44375550747,-0.224076032639,1.20209014416,0.416784524918,0.0999999791384,0.300000011921,0.129999995232,0.0900000035763,-0.0900000035763,0.129999995232,-0.10000000149,-0.170000001788,-1.66888165474,0.199888959527,-1.19437420368,-0.409469336271,0.0999999791384,0.300000011921,-0.129999995232,0.0900000035763,-0.0900000035763,0.129999995232,0.10000000149,-0.170000001788,-0.170000001788,0.0,left arm up
1.44375550747,-0.224076032639,1.20209014416,0.416784524918,0.0999999791384,0.300000011921,0.129999995232,0.0900000035763,-0.0900000035763,0.129999995232,-0.10000000149,-0.170000001788,-1.66888165474,0.199888959527,-1.19437420368,-0.409469336271,0.0999999791384,0.300000011921,-0.129999995232,0.0900000035763,-0.0900000035763,0.129999995232,0.10000000149,-0.170000001788,-0.170000001788,0.0,left arm up
1.44375550747,-0.224076032639,1.20209014416,0.416784524918,0.0999999791384,0.300000011921,0.129999995232,0.0900000035763,-0.0900000035763,0.129999995232,-0.10000000149,-0.170000001788,-1.66888165474,0.199888959527,-1.19437420368,-0.409469336271,0.0999999791384,0.300000011921,-0.129999995232,0.0900000035763,-0.0900000035763,0.129999995232,0.10000000149,-0.170000001788,-0.170000001788,0.0,left arm up
1.44375550747,-0.224076032639,1.20209014416,0.416784524918,0.0999999791384,0.300000011921,0.129999995232,0.0900000035763,-0.0900000035763,0.129999995232,-0.10000000149,-0.170000001788,-1.66888165474,0.199888959527,-1.19437420368,-0.409469336271,0.0999999791384,0.300000011921,-0.129999995232,0.0900000035763,-0.0900000035763,0.129999995232,0.10000000149,-0.170000001788,-0.170000001788,0.0,left arm up
1.44375550747,-0.224076032639,1.20209014416,0.416784524918,0.0999999791384,0.300000011921,0.129999995232,0.0900000035763,-0.0900000035763,0.129999995232,-0.10000000149,-0.170000001788,-1.66888165474,0.199888959527,-1.19437420368,-0.409469336271,0.0999999791384,0.300000011921,-0.129999995232,0.0900000035763,-0.0900000035763,0.129999995232,0.10000000149,-0.170000001788,-0.170000001788,0.0,left arm up
1.44375550747,-0.224076032639,1.20209014416,0.416784524918,0.0999999791384,0.300000011921,0.129999995232,0.0900000035763,-0.0900000035763,0.129999995232,-0.10000000149,-0.170000001788,-1.66888165474,0.199888959527,-1.19437420368,-0.409469336271,0.0999999791384,0.300000011921,-0.129999995232,0.0900000035763,-0.0900000035763,0.129999995232,0.10000000149,-0.170000001788,-0.170000001788,0.0,left arm up
1.44375550747,-0.224076032639,1.20209014416,0.416784524918,0.0999999791384,0.300000011921,0.129999995232,0.0900000035763,-0.0900000035763,0.129999995232,-0.10000000149,-0.170000001788,-1.66888165474,0.199888959527,-1.19437420368,-0.409469336271,0.0999999791384,0.300000011921,-0.129999995232,0.0900000035763,-0.0900000035763,0.129999995232,0.10000000149,-0.170000001788,-0.170000001788,0.0,left arm up
1.44375550747,-0.224076032639,1.20209014416,0.416784524918,0.0999999791384,0.300000011921,0.129999995232,0.0900000035763,-0.0900000035763,0.129999995232,-0.10000000149,-0.170000001788,-1.66888165474,0.199888959527,-1.19437420368,-0.409469336271,0.0999999791384,0.300000011921,-0.129999995232,0.0900000035763,-0.0900000035763,0.129999995232,0.10000000149,-0.170000001788,-0.170000001788,0.0,left arm up
1.44375550747,-0.224076032639,1.20209014416,0.416784524918,0.0999999791384,0.300000011921,0.129999995232,0.0900000035763,-0.0900000035763,0.129999995232,-0.10000000149,-0.170000001788,-1.66888165474,0.199888959527,-1.19437420368,-0.409469336271,0.0999999791384,0.300000011921,-0.129999995232,0.0900000035763,-0.0900000035763,0.129999995232,0.10000000149,-0.170000001788,-0.170000001788,0.0,left arm up
1.44375550747,-0.224076032639,1.20209014416,0.416784524918,0.0999999791384,0.300000011921,0.129999995232,0.0900000035763,-0.0900000035763,0.129999995232,-0.10000000149,-0.170000001788,-1.66888165474,0.199888959527,-1.19437420368,-0.409469336271,0.0999999791384,0.300000011921,-0.129999995232,0.0900000035763,-0.0900000035763,0.129999995232,0.10000000149,-0.170000001788,-0.170000001788,0.0,left arm up
